nama_produk,harga,nama_toko,lokasi,total_terjual,rating
SEBLAK JUARA INSTAN MASAK BASAH ASLI BANDUNG ENAK MANTAP - Original,Rp 22.000,,,1 rb+ terjual,4.9
Seblak Juara ! Seblak Instan Rasa Original - 2 Ori 4 Rd,Rp 115.000,,,2 rb+ terjual,4.9
CUANKIE JUARA! CUANKIE JAJANAN KULINER ENAK KHAS BANDUNG SATUAN - Ayam Bawang,Rp 22.000,,,250+ terjual,4.9
seblak instan jeletot jajanan hits bandung 1 porsi,Rp4.180,tokomakanankalimantan,Jakarta Barat,1 rb+ terjual,4.8
"Kerupuk Seblak Rafael Viral - PEDAS DJ, 125 GRAM",Rp11.640,Golden Cakery,Jakarta Pusat,25 terjual,4.8
Gelifood Seblak Instan Kerupuk Mawar Bumbu Kencur Rafael Pedas Gurih,Rp14.900,Lidigeli,Kab. Garut,2 terjual,
KERUPUK SEBLAK MENTAH ANEKA WARNA,Rp11.500,jajanangarut19,Jakarta Selatan,100+ terjual,4.9
Seblak Instan Ceu Nthien Khas Bandung Rasana Ngeunah Pisan,Rp15.000,Central Seblak Nusantara,Tangerang Selatan,1 rb+ terjual,5.0
seblak frozen,Rp10.400,pelangi girls naget,Jakarta Timur,2 rb+ terjual,4.9
Seblak Instan Pedas Home Made,Rp3.500,the Dhecip,Tangerang Selatan,2 rb+ terjual,4.8
SEBLAK INSTANT TERMURAH,Rp3.999,Pusat Cuankie & Cemilan Frozen,Jakarta Timur,10 rb+ terjual,4.8
Bumbu Seblak 200 g Dengan Kerupuk,Rp33.000,MSH Rempah,Jakarta Selatan,70+ terjual,5.0
KERUPUK MENTAH SERBA 5000 BAHAN SEBLAK,Rp6.000,GK_Snack,Kab. Bandung,500+ terjual,5.0
Seblak Instan Pedas Home Made,Rp3.500,the Dhecip,Tangerang Selatan,2 rb+ terjual,4.8
Seblak Instan Ceu Nthien Khas Bandung Rasana Ngeunah Pisan,Rp15.000,Central Seblak Nusantara,Tangerang Selatan,1 rb+ terjual,5.0
SEBLAK INSTANT TERMURAH,Rp3.999,Pusat Cuankie & Cemilan Frozen,Jakarta Timur,10 rb+ terjual,4.8
seblak instant sajodo snak,Rp19.000,hikmah berkah jaya,Jakarta Barat,750+ terjual,4.8
Mommy Seblak Basah Instant 100gr,Rp10.000,emmoshop,Kab. Bogor,2 rb+ terjual,4.9
"seblak kering pedas 250 gr/seblak kencur/kerupuk seblak,enak dan gurih",Rp9.999,aghniya,Tangerang Selatan,250+ terjual,4.8
"siomay kering bandung 500 gr. untuk baso aci, seblak ,mie ayam dll",Rp14.999,aghniya,Tangerang Selatan,750+ terjual,4.9
Kerupuk Seblak kering pedas RIKI,Rp8.800,Van Kios,Bandung,1 rb+ terjual,4.9
SEBRING CAMPUR/ Seblak kering Bumbu kacang/ varian pedas-original,Rp20.000,KailaAini_collection,Kab. Bandung,30+ terjual,5.0
GURILEM MINI 1KG Siomay Kering Toping Baso Aci Cuanki Seblak,Rp29.999,Pedas Gilaa,Surabaya,500+ terjual,4.9
Seblak Instan Pedas Home Made,Rp3.500,the Dhecip,Tangerang Selatan,2 rb+ terjual,4.8
Seblak Instan Ceu Nthien Khas Bandung Rasana Ngeunah Pisan,Rp15.000,Central Seblak Nusantara,Tangerang Selatan,1 rb+ terjual,5.0
SEBLAK INSTANT TERMURAH,Rp3.999,Pusat Cuankie & Cemilan Frozen,Jakarta Timur,10 rb+ terjual,4.8
seblak instant sajodo snak,Rp19.000,hikmah berkah jaya,Jakarta Barat,750+ terjual,4.8
Mommy Seblak Basah Instant 100gr,Rp10.000,emmoshop,Kab. Bogor,2 rb+ terjual,4.9
KERUPUK SEBLAK VIRAL RAFAEL ,Rp5.500,D'gegaresan,Jakarta Utara,100+ terjual,4.3
seblak rafael / seblak coet / seblak cocol,Rp7.500,babykhai,Jakarta Timur,250+ terjual,4.8
Krupuk seblak mawar rafael pedas 250gram,Rp12.500,Markas Makaroni,Kab. Bekasi,40+ terjual,4.9
Krupuk seblak mawar rafael pedas 500gr,Rp20.000,Markas Makaroni,Kab. Bekasi,100+ terjual,5.0
jastip SEBLAK RAFAEL || SEBLAK MAMANG RAFAEL || SEBLAK VIRAL,Rp40.000,Naturally Plus Jakarta,Kab. Tangerang,50+ terjual,4.8
Seblak Instan Pedas Home Made,Rp3.500,the Dhecip,Tangerang Selatan,2 rb+ terjual,4.8
KERUPUK PEDAS KRIWIL BANTAT ISI 250gr KRITING SEMBRING SEBLAK MAWAR,Rp17.248,AHR Jaya Snack,Jakarta Timur,20 terjual,5.0
SEBRING KRUPUK KERUPUK SEBLAK KERING PEDAS DAUN JERUK 1KG CABE ASLI,Rp16.000,Aydaa Snack,Surakarta,40+ terjual,4.9
Seblak Instan Komplit Pedas Gurih Nikmat,Rp5.999,Baso Aci Ayang,Kab. Garut,2 rb+ terjual,4.9
KERUPUK SEBLAK MINI KENCUR JABLAY BANTET PEDAS 500GRAM KILOAN,Rp21.000,ajs(ale jaya snack),Jakarta Utara,18 terjual,5.0
Bumbu Seblak 200 g Dengan Kerupuk,Rp33.000,MSH Rempah,Jakarta Selatan,70+ terjual,5.0
KERUPUK KRUPUK SEBLAK SEBRING PEDAS TERLARIS PER 500 GRAM,Rp42.275,Golden Cakery,Jakarta Pusat,70+ terjual,4.8
Seblak Sultan instant,Rp14.000,Sultan Meat Shop,Medan,250+ terjual,4.8
Paket 12 bungkus seblak komplit instan pedas gurih khas Garut  - 4 pak,Rp21.500,Jajanan_asli Garut,Kab. Garut,,
Sogan Mie Kremes / Vegan Snack Vegetarian - Seblak,Rp11.000,Bangkit Sempana 8,Jakarta Utara,100+ terjual,5.0
Kerupuk Seblak Jeruk,Rp14.000,oke snack,Jakarta Selatan,100+ terjual,4.9
Sebring seblak kering,Rp4.444,tsr1997,Depok,100+ terjual,4.8
Seblak Instant Homemade Lengkap Bumbu,Rp5.000,Pedas Gilaa,Surabaya,2 rb+ terjual,4.8
KERUPUK MENTAH KERUPUK SEBLAK MENTAH 500 GR,Rp12.500,BociKakang,Jakarta Selatan,100+ terjual,4.9
KERUPUK SEBLAK KERITING CABE MERAH SUPER PEDES 250 GRAM,Rp18.000,Madinah Oleh Oleh Bdg,Bandung,100+ terjual,4.9
Seblak Instan Pedas Home Made,Rp3.500,the Dhecip,Tangerang Selatan,2 rb+ terjual,4.8
Seblak Instan Ceu Nthien Khas Bandung Rasana Ngeunah Pisan,Rp15.000,Central Seblak Nusantara,Tangerang Selatan,1 rb+ terjual,5.0
SEBLAK INSTANT TERMURAH,Rp3.999,Pusat Cuankie & Cemilan Frozen,Jakarta Timur,10 rb+ terjual,4.8
seblak instant sajodo snak,Rp19.000,hikmah berkah jaya,Jakarta Barat,750+ terjual,4.8
Mommy Seblak Basah Instant 100gr,Rp10.000,emmoshop,Kab. Bogor,2 rb+ terjual,4.9
"seblak kering pedas 250 gr/seblak kencur/kerupuk seblak,enak dan gurih",Rp9.999,aghniya,Tangerang Selatan,250+ terjual,4.8
"siomay kering bandung 500 gr. untuk baso aci, seblak ,mie ayam dll",Rp14.999,aghniya,Tangerang Selatan,750+ terjual,4.9
Kerupuk Seblak kering pedas RIKI,Rp8.800,Van Kios,Bandung,1 rb+ terjual,4.9
SEBRING CAMPUR/ Seblak kering Bumbu kacang/ varian pedas-original,Rp20.000,KailaAini_collection,Kab. Bandung,30+ terjual,5.0
GURILEM MINI 1KG Siomay Kering Toping Baso Aci Cuanki Seblak,Rp29.999,Pedas Gilaa,Surabaya,500+ terjual,4.9
Seblak Instan Pedas Home Made,Rp3.500,the Dhecip,Tangerang Selatan,2 rb+ terjual,4.8
Seblak Instan Ceu Nthien Khas Bandung Rasana Ngeunah Pisan,Rp15.000,Central Seblak Nusantara,Tangerang Selatan,1 rb+ terjual,5.0
SEBLAK INSTANT TERMURAH,Rp3.999,Pusat Cuankie & Cemilan Frozen,Jakarta Timur,10 rb+ terjual,4.8
seblak instant sajodo snak,Rp19.000,hikmah berkah jaya,Jakarta Barat,750+ terjual,4.8
Mommy Seblak Basah Instant 100gr,Rp10.000,emmoshop,Kab. Bogor,2 rb+ terjual,4.9
KERUPUK SEBLAK VIRAL RAFAEL ,Rp5.500,D'gegaresan,Jakarta Utara,100+ terjual,4.3
seblak rafael / seblak coet / seblak cocol,Rp7.500,babykhai,Jakarta Timur,250+ terjual,4.8
Krupuk seblak mawar rafael pedas 250gram,Rp12.500,Markas Makaroni,Kab. Bekasi,40+ terjual,4.9
Krupuk seblak mawar rafael pedas 500gr,Rp20.000,Markas Makaroni,Kab. Bekasi,100+ terjual,5.0
jastip SEBLAK RAFAEL || SEBLAK MAMANG RAFAEL || SEBLAK VIRAL,Rp40.000,Naturally Plus Jakarta,Kab. Tangerang,50+ terjual,4.8
Seblak Instan Pedas Home Made,Rp3.500,the Dhecip,Tangerang Selatan,2 rb+ terjual,4.8
KERUPUK PEDAS KRIWIL BANTAT ISI 250gr KRITING SEMBRING SEBLAK MAWAR,Rp17.248,AHR Jaya Snack,Jakarta Timur,20 terjual,5.0
SEBRING KRUPUK KERUPUK SEBLAK KERING PEDAS DAUN JERUK 1KG CABE ASLI,Rp16.000,Aydaa Snack,Surakarta,40+ terjual,4.9
Seblak Instan Komplit Pedas Gurih Nikmat,Rp5.999,Baso Aci Ayang,Kab. Garut,2 rb+ terjual,4.9
KERUPUK SEBLAK MINI KENCUR JABLAY BANTET PEDAS 500GRAM KILOAN,Rp21.000,ajs(ale jaya snack),Jakarta Utara,18 terjual,5.0
BASO ACI TULANG RANGU MIX JANDO,Rp 10.000,,,500+ terjual,4.7
CUANKI INSTAN BANDUNG,Rp 4.500,,,2 rb+ terjual,4.9
Baso Aci Jando - Tanpa Mie,Rp 5.250,,,7 rb+ terjual,4.8
Kerupuk seblak merah,Rp18.000,Snackzone KK,Jakarta Selatan,28 terjual,4.9
Geli Food Seblak Ceker Tanpa Tulang Super Pedas 180gr,Rp19.900,Lidigeli,Kab. Garut,,
Seblak Mager (seblak instan) ,Rp18.000,seblakmager,Bandung,,
Seblak Rafael 150gr,Rp10.500,Belfir Frozen Food,Bogor,,
kerupuk seblak pedas 1/2 kg / kerupuk seblak ½ - Pedas,Rp20.482,Adila_Putri_Snack,Kab.Ciamis,90+ terjual,4.8
SEBLAK INSTANT HALU - SEBLAK MIE HALU - EMAK INDAH FOOD,Rp19.999,Pempek Emak Indah,Jakarta Barat,250+ terjual,4.7
"Seblak Bapper / Produk Baru, Enak, Pedas Nikmat Best Seller",Rp16.000,rumahtamma,Jakarta Barat,100+ terjual,4.4
CUANKIE INSTANT 12pcs / BASO ACI / SEBLAK,Rp45.600,SWEETSO,Tangerang,7 terjual,5.0
KERUPUK SEBLAK SEBRING PEDAS - 125 GR,Rp11.400,G Cakery,Jakarta Pusat,80+ terjual,4.9
Kerupuk Seblak Pedas Gurih Kencur 250 Gram - Tam Snack,Rp14.000,TAM SNACK,Depok,100+ terjual,4.8
Seblak Instan Pedas Home Made,Rp3.500,the Dhecip,Tangerang Selatan,2 rb+ terjual,4.8
Seblak Instan Ceu Nthien Khas Bandung Rasana Ngeunah Pisan,Rp15.000,Central Seblak Nusantara,Tangerang Selatan,1 rb+ terjual,5.0
SEBLAK INSTANT TERMURAH,Rp3.999,Pusat Cuankie & Cemilan Frozen,Jakarta Timur,10 rb+ terjual,4.8
seblak instant sajodo snak,Rp19.000,hikmah berkah jaya,Jakarta Barat,750+ terjual,4.8
Mommy Seblak Basah Instant 100gr,Rp10.000,emmoshop,Kab. Bogor,2 rb+ terjual,4.9
"seblak kering pedas 250 gr/seblak kencur/kerupuk seblak,enak dan gurih",Rp9.999,aghniya,Tangerang Selatan,250+ terjual,4.8
"siomay kering bandung 500 gr. untuk baso aci, seblak ,mie ayam dll",Rp14.999,aghniya,Tangerang Selatan,750+ terjual,4.9
Kerupuk Seblak kering pedas RIKI,Rp8.800,Van Kios,Bandung,1 rb+ terjual,4.9
SEBRING CAMPUR/ Seblak kering Bumbu kacang/ varian pedas-original,Rp20.000,KailaAini_collection,Kab. Bandung,30+ terjual,5.0
GURILEM MINI 1KG Siomay Kering Toping Baso Aci Cuanki Seblak,Rp29.999,Pedas Gilaa,Surabaya,500+ terjual,4.9
Seblak Instan Pedas Home Made,Rp3.500,the Dhecip,Tangerang Selatan,2 rb+ terjual,4.8
Seblak Instan Ceu Nthien Khas Bandung Rasana Ngeunah Pisan,Rp15.000,Central Seblak Nusantara,Tangerang Selatan,1 rb+ terjual,5.0
SEBLAK INSTANT TERMURAH,Rp3.999,Pusat Cuankie & Cemilan Frozen,Jakarta Timur,10 rb+ terjual,4.8
seblak instant sajodo snak,Rp19.000,hikmah berkah jaya,Jakarta Barat,750+ terjual,4.8
Mommy Seblak Basah Instant 100gr,Rp10.000,emmoshop,Kab. Bogor,2 rb+ terjual,4.9
KERUPUK SEBLAK VIRAL RAFAEL ,Rp5.500,D'gegaresan,Jakarta Utara,100+ terjual,4.3
seblak rafael / seblak coet / seblak cocol,Rp7.500,babykhai,Jakarta Timur,250+ terjual,4.8
Krupuk seblak mawar rafael pedas 250gram,Rp12.500,Markas Makaroni,Kab. Bekasi,40+ terjual,4.9
Krupuk seblak mawar rafael pedas 500gr,Rp20.000,Markas Makaroni,Kab. Bekasi,100+ terjual,5.0
jastip SEBLAK RAFAEL || SEBLAK MAMANG RAFAEL || SEBLAK VIRAL,Rp40.000,Naturally Plus Jakarta,Kab. Tangerang,50+ terjual,4.8
Seblak Instan Pedas Home Made,Rp3.500,the Dhecip,Tangerang Selatan,2 rb+ terjual,4.8
KERUPUK PEDAS KRIWIL BANTAT ISI 250gr KRITING SEMBRING SEBLAK MAWAR,Rp17.248,AHR Jaya Snack,Jakarta Timur,20 terjual,5.0
SEBRING KRUPUK KERUPUK SEBLAK KERING PEDAS DAUN JERUK 1KG CABE ASLI,Rp16.000,Aydaa Snack,Surakarta,40+ terjual,4.9
Seblak Instan Komplit Pedas Gurih Nikmat,Rp5.999,Baso Aci Ayang,Kab. Garut,2 rb+ terjual,4.9
KERUPUK SEBLAK MINI KENCUR JABLAY BANTET PEDAS 500GRAM KILOAN,Rp21.000,ajs(ale jaya snack),Jakarta Utara,18 terjual,5.0
1 ctn - Indomie Hypeabis Seblak Hot Jeletot,Rp 128.131,,,12 terjual,5.0
1 ctn - Indomie Goreng Ayam Panggang Jumbo,Rp 101.535,,,100+ terjual,5.0
1 ctn - Indomie Goreng Spesial Jumbo,Rp 101.535,,,250+ terjual,4.9
Sukro cikur pilus kencur sari rasa 250 gram toping seblak baso aci,Rp8.500,CuankiCulametan,Kab. Garut,100+ terjual,4.9
SEBLAK MANG JOJO,Rp24.000,steviag91,Tangerang Selatan,100+ terjual,5.0
Kerupuk Seblak Jeruk,Rp14.000,oke snack,Jakarta Selatan,100+ terjual,4.9
Cuanki Wildan Kemasan Frozen,Rp27.000,"Cuanki Wildan Tebet, Jakarta",Jakarta Selatan,250+ terjual,4.7
Snack Seblak jeletot 150 gr,Rp14.000,Asinan Maputri,Tangerang,10 terjual,4.9
KERUPUK JABLAY SEBLAK PELANGI 500 GRAM,Rp23.275,G Cakery,Jakarta Pusat,30+ terjual,5.0
Seblak Komplit⠀⠀,Rp5.500,lisdhacollection,Kab. Garut,1 rb+ terjual,4.8
seblak basreng pedas original exstra daun jeruk 500gram,Rp25.000,seblak bandung99,Kab. Bandung,2 rb+ terjual,4.8
SEBLAK BANTAT PEDES DAUN JERUK 250GR,Rp18.000,Madinah Oleh Oleh Bdg,Bandung,100+ terjual,4.8
Sabring kerupuk seblak pedas gurih,Rp2.500,RIKI STORE 97,Kab. Bogor,100+ terjual,4.9
Seblak Instan Pedas Home Made,Rp3.500,the Dhecip,Tangerang Selatan,2 rb+ terjual,4.8
Seblak Instan Ceu Nthien Khas Bandung Rasana Ngeunah Pisan,Rp15.000,Central Seblak Nusantara,Tangerang Selatan,1 rb+ terjual,5.0
SEBLAK INSTANT TERMURAH,Rp3.999,Pusat Cuankie & Cemilan Frozen,Jakarta Timur,10 rb+ terjual,4.8
seblak instant sajodo snak,Rp19.000,hikmah berkah jaya,Jakarta Barat,750+ terjual,4.8
Mommy Seblak Basah Instant 100gr,Rp10.000,emmoshop,Kab. Bogor,2 rb+ terjual,4.9
"seblak kering pedas 250 gr/seblak kencur/kerupuk seblak,enak dan gurih",Rp9.999,aghniya,Tangerang Selatan,250+ terjual,4.8
"siomay kering bandung 500 gr. untuk baso aci, seblak ,mie ayam dll",Rp14.999,aghniya,Tangerang Selatan,750+ terjual,4.9
Kerupuk Seblak kering pedas RIKI,Rp8.800,Van Kios,Bandung,1 rb+ terjual,4.9
SEBRING CAMPUR/ Seblak kering Bumbu kacang/ varian pedas-original,Rp20.000,KailaAini_collection,Kab. Bandung,30+ terjual,5.0
GURILEM MINI 1KG Siomay Kering Toping Baso Aci Cuanki Seblak,Rp29.999,Pedas Gilaa,Surabaya,500+ terjual,4.9
Seblak Instan Pedas Home Made,Rp3.500,the Dhecip,Tangerang Selatan,2 rb+ terjual,4.8
Seblak Instan Ceu Nthien Khas Bandung Rasana Ngeunah Pisan,Rp15.000,Central Seblak Nusantara,Tangerang Selatan,1 rb+ terjual,5.0
SEBLAK INSTANT TERMURAH,Rp3.999,Pusat Cuankie & Cemilan Frozen,Jakarta Timur,10 rb+ terjual,4.8
seblak instant sajodo snak,Rp19.000,hikmah berkah jaya,Jakarta Barat,750+ terjual,4.8
Mommy Seblak Basah Instant 100gr,Rp10.000,emmoshop,Kab. Bogor,2 rb+ terjual,4.9
KERUPUK SEBLAK VIRAL RAFAEL ,Rp5.500,D'gegaresan,Jakarta Utara,100+ terjual,4.3
seblak rafael / seblak coet / seblak cocol,Rp7.500,babykhai,Jakarta Timur,250+ terjual,4.8
Krupuk seblak mawar rafael pedas 250gram,Rp12.500,Markas Makaroni,Kab. Bekasi,40+ terjual,4.9
Krupuk seblak mawar rafael pedas 500gr,Rp20.000,Markas Makaroni,Kab. Bekasi,100+ terjual,5.0
jastip SEBLAK RAFAEL || SEBLAK MAMANG RAFAEL || SEBLAK VIRAL,Rp40.000,Naturally Plus Jakarta,Kab. Tangerang,50+ terjual,4.8
Seblak Instan Pedas Home Made,Rp3.500,the Dhecip,Tangerang Selatan,2 rb+ terjual,4.8
KERUPUK PEDAS KRIWIL BANTAT ISI 250gr KRITING SEMBRING SEBLAK MAWAR,Rp17.248,AHR Jaya Snack,Jakarta Timur,20 terjual,5.0
SEBRING KRUPUK KERUPUK SEBLAK KERING PEDAS DAUN JERUK 1KG CABE ASLI,Rp16.000,Aydaa Snack,Surakarta,40+ terjual,4.9
Seblak Instan Komplit Pedas Gurih Nikmat,Rp5.999,Baso Aci Ayang,Kab. Garut,2 rb+ terjual,4.9
KERUPUK SEBLAK MINI KENCUR JABLAY BANTET PEDAS 500GRAM KILOAN,Rp21.000,ajs(ale jaya snack),Jakarta Utara,18 terjual,5.0
PILUS CIKUR SARI RASA 500GR - ORIGINAL,Rp 15.500,,,500+ terjual,4.9
PILUS CIKUR SARI RASA - ORIGINAL,Rp 30.000,,,250+ terjual,4.9
CUANKI LIDAH,Rp 14.000,,,250+ terjual,4.9
Bundle 3pcs - Seblak Basranger Extra Pedas 200gr Makanan Instan,Rp51.900,Rak Sebelah,Jakarta Pusat,40+ terjual,4.8
Paket Isi 4 Batagor Instan | Makaroni Basah | Seblak Basah,Rp64.906,Lakoca Official Shop,Cimahi,30+ terjual,4.9
KERUPUK SEBLAK SEBRING PEDAS - 500gr,Rp43.610,G Cakery,Jakarta Pusat,27 terjual,5.0
Krupuk Seblak Bunga,Rp24.000,@Arka Snack,Kab. Kudus,,
Seblak Kuah Instant Tom Yum Pusaka Parahyangan,Rp15.000,indieshop786,Kab. Garut,,
KRUPUK / KERUPUK MENTAH / KERUPUK SEBLAK MENTAH 1kg SLONDOK,Rp21.000,SuperSnacksShop,Kab. Bandung,100+ terjual,4.9
Kerupuk Merah/Kerupuk Seblak Mentah,Rp7.000,Nyonya Sayur,Jakarta Pusat,100+ terjual,5.0
SEBLAK INSTAN MOMMY,Rp13.500,Rav Jaya Display,Kab. Tangerang,1 rb+ terjual,4.8
aneka kerupuk mix untuk bahan seblak 500 gr,Rp14.999,aghniya,Tangerang Selatan,100+ terjual,5.0
kerupuk seblak bantat kriwil syahrini 250gr oleh oleh bandung,Rp19.000,SIMANALAGI-KOSAMBI-BANDUNG,Bandung,100+ terjual,4.9
Seblak Instan Pedas Home Made,Rp3.500,the Dhecip,Tangerang Selatan,2 rb+ terjual,4.8
Seblak Instan Ceu Nthien Khas Bandung Rasana Ngeunah Pisan,Rp15.000,Central Seblak Nusantara,Tangerang Selatan,1 rb+ terjual,5.0
SEBLAK INSTANT TERMURAH,Rp3.999,Pusat Cuankie & Cemilan Frozen,Jakarta Timur,10 rb+ terjual,4.8
seblak instant sajodo snak,Rp19.000,hikmah berkah jaya,Jakarta Barat,750+ terjual,4.8
Mommy Seblak Basah Instant 100gr,Rp10.000,emmoshop,Kab. Bogor,2 rb+ terjual,4.9
"seblak kering pedas 250 gr/seblak kencur/kerupuk seblak,enak dan gurih",Rp9.999,aghniya,Tangerang Selatan,250+ terjual,4.8
"siomay kering bandung 500 gr. untuk baso aci, seblak ,mie ayam dll",Rp14.999,aghniya,Tangerang Selatan,750+ terjual,4.9
Kerupuk Seblak kering pedas RIKI,Rp8.800,Van Kios,Bandung,1 rb+ terjual,4.9
SEBRING CAMPUR/ Seblak kering Bumbu kacang/ varian pedas-original,Rp20.000,KailaAini_collection,Kab. Bandung,30+ terjual,5.0
GURILEM MINI 1KG Siomay Kering Toping Baso Aci Cuanki Seblak,Rp29.999,Pedas Gilaa,Surabaya,500+ terjual,4.9
Seblak Instan Pedas Home Made,Rp3.500,the Dhecip,Tangerang Selatan,2 rb+ terjual,4.8
Seblak Instan Ceu Nthien Khas Bandung Rasana Ngeunah Pisan,Rp15.000,Central Seblak Nusantara,Tangerang Selatan,1 rb+ terjual,5.0
SEBLAK INSTANT TERMURAH,Rp3.999,Pusat Cuankie & Cemilan Frozen,Jakarta Timur,10 rb+ terjual,4.8
seblak instant sajodo snak,Rp19.000,hikmah berkah jaya,Jakarta Barat,750+ terjual,4.8
Mommy Seblak Basah Instant 100gr,Rp10.000,emmoshop,Kab. Bogor,2 rb+ terjual,4.9
KERUPUK SEBLAK VIRAL RAFAEL ,Rp5.500,D'gegaresan,Jakarta Utara,100+ terjual,4.3
seblak rafael / seblak coet / seblak cocol,Rp7.500,babykhai,Jakarta Timur,250+ terjual,4.8
Krupuk seblak mawar rafael pedas 250gram,Rp12.500,Markas Makaroni,Kab. Bekasi,40+ terjual,4.9
Krupuk seblak mawar rafael pedas 500gr,Rp20.000,Markas Makaroni,Kab. Bekasi,100+ terjual,5.0
jastip SEBLAK RAFAEL || SEBLAK MAMANG RAFAEL || SEBLAK VIRAL,Rp40.000,Naturally Plus Jakarta,Kab. Tangerang,50+ terjual,4.8
Seblak Instan Pedas Home Made,Rp3.500,the Dhecip,Tangerang Selatan,2 rb+ terjual,4.8
KERUPUK PEDAS KRIWIL BANTAT ISI 250gr KRITING SEMBRING SEBLAK MAWAR,Rp17.248,AHR Jaya Snack,Jakarta Timur,20 terjual,5.0
SEBRING KRUPUK KERUPUK SEBLAK KERING PEDAS DAUN JERUK 1KG CABE ASLI,Rp16.000,Aydaa Snack,Surakarta,40+ terjual,4.9
Seblak Instan Komplit Pedas Gurih Nikmat,Rp5.999,Baso Aci Ayang,Kab. Garut,2 rb+ terjual,4.9
KERUPUK SEBLAK MINI KENCUR JABLAY BANTET PEDAS 500GRAM KILOAN,Rp21.000,ajs(ale jaya snack),Jakarta Utara,18 terjual,5.0
GEPREK RANGU / BASO GEPREK TULANG RANGU / SAMIRAOS / BASO ACI / DOWER - SEBLAK SOUN,Rp 16.850,,,1 rb+ terjual,4.9
GEPREK RANGU / BASO GEPREK TULANG RANGU / SAMIRAOS / DOWER / BASO ACI - SEBLAK SOUN,Rp 16.850,,,7 rb+ terjual,4.9
MIE LIDI SIUMANG / LIDI SIUMANG / LIDI SI UMANG / MIE LIDI SI UMANG - Kemasan Kertas,Rp 12.899,,,9 rb+ terjual,5.0
kerupuk seblak pedas 1/2 kg / kerupuk seblak ½ - Pedas,Rp20.482,Adila_Putri_Snack,Kab.Ciamis,90+ terjual,4.8
Paket 5 pcs Seblak Instan Ceu Nthien terdekat Viral,Rp72.500,Central Seblak Nusantara,Tangerang Selatan,10 terjual,5.0
CUANKI LIDAH,Rp14.000,jajanangarut19,Jakarta Selatan,250+ terjual,4.9
seblak instan YS,Rp100.000,yossy food,Kab. Karawang,500+ terjual,
Paket Seblak Komplit Instan Pedas Gurih Cobek Kerupuk Mawar Viral,Rp15.000,LarisManis shopp,Kab. Bandung,,
seblak ceker pedas kerupuk,Rp9.000,ken-olshop,Bekasi,250+ terjual,5.0
INDOMIE MI INSTANT RASA SEBLAK HOT JELET,Rp2.780,Hypermart Pakuwon,Surabaya,500+ terjual,4.8
"BATAGOR MINI KERING 100 PCS TOPING BASO ACI, SEBLAK DAN MIE INSTAN",Rp8.200,global cookware1,Jakarta Barat,500+ terjual,4.9
kerupuk mix 100 gram campuran seblak,Rp2.999,ArfaOnlineShop,Tangerang,20 terjual,5.0
Seblak Instan Sehati,Rp13.000,Official Kartika Sari,Bandung,500+ terjual,5.0
Seblak Instan Pedas Home Made,Rp3.500,the Dhecip,Tangerang Selatan,2 rb+ terjual,4.8
Seblak Instan Ceu Nthien Khas Bandung Rasana Ngeunah Pisan,Rp15.000,Central Seblak Nusantara,Tangerang Selatan,1 rb+ terjual,5.0
SEBLAK INSTANT TERMURAH,Rp3.999,Pusat Cuankie & Cemilan Frozen,Jakarta Timur,10 rb+ terjual,4.8
seblak instant sajodo snak,Rp19.000,hikmah berkah jaya,Jakarta Barat,750+ terjual,4.8
Mommy Seblak Basah Instant 100gr,Rp10.000,emmoshop,Kab. Bogor,2 rb+ terjual,4.9
"seblak kering pedas 250 gr/seblak kencur/kerupuk seblak,enak dan gurih",Rp9.999,aghniya,Tangerang Selatan,250+ terjual,4.8
"siomay kering bandung 500 gr. untuk baso aci, seblak ,mie ayam dll",Rp14.999,aghniya,Tangerang Selatan,750+ terjual,4.9
Kerupuk Seblak kering pedas RIKI,Rp8.800,Van Kios,Bandung,1 rb+ terjual,4.9
SEBRING CAMPUR/ Seblak kering Bumbu kacang/ varian pedas-original,Rp20.000,KailaAini_collection,Kab. Bandung,30+ terjual,5.0
GURILEM MINI 1KG Siomay Kering Toping Baso Aci Cuanki Seblak,Rp29.999,Pedas Gilaa,Surabaya,500+ terjual,4.9
Seblak Instan Pedas Home Made,Rp3.500,the Dhecip,Tangerang Selatan,2 rb+ terjual,4.8
Seblak Instan Ceu Nthien Khas Bandung Rasana Ngeunah Pisan,Rp15.000,Central Seblak Nusantara,Tangerang Selatan,1 rb+ terjual,5.0
SEBLAK INSTANT TERMURAH,Rp3.999,Pusat Cuankie & Cemilan Frozen,Jakarta Timur,10 rb+ terjual,4.8
seblak instant sajodo snak,Rp19.000,hikmah berkah jaya,Jakarta Barat,750+ terjual,4.8
Mommy Seblak Basah Instant 100gr,Rp10.000,emmoshop,Kab. Bogor,2 rb+ terjual,4.9
KERUPUK SEBLAK VIRAL RAFAEL ,Rp5.500,D'gegaresan,Jakarta Utara,100+ terjual,4.3
seblak rafael / seblak coet / seblak cocol,Rp7.500,babykhai,Jakarta Timur,250+ terjual,4.8
Krupuk seblak mawar rafael pedas 250gram,Rp12.500,Markas Makaroni,Kab. Bekasi,40+ terjual,4.9
Krupuk seblak mawar rafael pedas 500gr,Rp20.000,Markas Makaroni,Kab. Bekasi,100+ terjual,5.0
jastip SEBLAK RAFAEL || SEBLAK MAMANG RAFAEL || SEBLAK VIRAL,Rp40.000,Naturally Plus Jakarta,Kab. Tangerang,50+ terjual,4.8
Seblak Instan Pedas Home Made,Rp3.500,the Dhecip,Tangerang Selatan,2 rb+ terjual,4.8
KERUPUK PEDAS KRIWIL BANTAT ISI 250gr KRITING SEMBRING SEBLAK MAWAR,Rp17.248,AHR Jaya Snack,Jakarta Timur,20 terjual,5.0
SEBRING KRUPUK KERUPUK SEBLAK KERING PEDAS DAUN JERUK 1KG CABE ASLI,Rp16.000,Aydaa Snack,Surakarta,40+ terjual,4.9
Seblak Instan Komplit Pedas Gurih Nikmat,Rp5.999,Baso Aci Ayang,Kab. Garut,2 rb+ terjual,4.9
KERUPUK SEBLAK MINI KENCUR JABLAY BANTET PEDAS 500GRAM KILOAN,Rp21.000,ajs(ale jaya snack),Jakarta Utara,18 terjual,5.0
Pasar Keripik Cimol Seblak Pedas size Kecil 130g,Rp 12.500,,,500+ terjual,4.9
Keripik Batagor Pangsit Original Tidak Pedas 250g,Rp 29.500,,,250+ terjual,4.9
Keripik Kaca Kripca Pedas Daun Jeruk Size Kecil 100g,Rp 19.500,,,250+ terjual,4.9
Baso Aci Basranger Extra Pedas (200gr),Rp17.300,Gerai Snack Official Shop,Kab. Tangerang,250+ terjual,4.7
Baso Aci Basrenger Extra Pedas 230gr,Rp17.300,Rak Sebelah,Jakarta Pusat,2 rb+ terjual,4.8
pangsit segitiga kering atau cipet isi 100 toping seblak baso aci,Rp32.999,CUANKI CULAMETAN,Kab. Garut,20 terjual,4.6
[PUTRI] Seblak Instan Ceu Nthien Khas Bandung Rasana Ngeunah Pisan - Batagor Kuah,Rp15.000,Central Seblak Nusantara,Tangerang Selatan,1 rb+ terjual,5.0
Baso Aci 69 Original / Jajanan Khas Garut,Rp17.000,BasoEnamSembilan,Kab. Garut,1 terjual,5.0
SEBLAK INSTAN ORI/SEBLAK INSTAN KERUPUK/SEBLAK INSTAN MURAH,Rp3.899,dakar_ofc,Kab. Mojokerto,70+ terjual,5.0
BUMBU KUAH KOMPLIT EXRA REMPAH BASO ACI/SEBLAK/BOCI MURAH,Rp1.999,ArfaOnlineShop,Tangerang,100+ terjual,4.5
CAMILAN SEBLAK PEDAS 250GR JAJANAN OLEH-OLEH SNACK KILOAN CAMILAN KILO,Rp12.500,LARISSA SNACK STORE,Semarang,100+ terjual,4.8
BUBUK CABAI/CABE BASO ACI/BOCI/SEBLAK/CUANKI ECERAN,Rp699,ArfaOnlineShop,Tangerang,250+ terjual,5.0
COMBO HALU! 3PC SEBLAK MIE HALU - EMAK INDAH FOOD,Rp81.000,Pempek Emak Indah,Jakarta Barat,23 terjual,5.0
Seblak Instan Pedas Home Made,Rp3.500,the Dhecip,Tangerang Selatan,2 rb+ terjual,4.8
Seblak Instan Ceu Nthien Khas Bandung Rasana Ngeunah Pisan,Rp15.000,Central Seblak Nusantara,Tangerang Selatan,1 rb+ terjual,5.0
SEBLAK INSTANT TERMURAH,Rp3.999,Pusat Cuankie & Cemilan Frozen,Jakarta Timur,10 rb+ terjual,4.8
seblak instant sajodo snak,Rp19.000,hikmah berkah jaya,Jakarta Barat,750+ terjual,4.8
Mommy Seblak Basah Instant 100gr,Rp10.000,emmoshop,Kab. Bogor,2 rb+ terjual,4.9
"seblak kering pedas 250 gr/seblak kencur/kerupuk seblak,enak dan gurih",Rp9.999,aghniya,Tangerang Selatan,250+ terjual,4.8
"siomay kering bandung 500 gr. untuk baso aci, seblak ,mie ayam dll",Rp14.999,aghniya,Tangerang Selatan,750+ terjual,4.9
Kerupuk Seblak kering pedas RIKI,Rp8.800,Van Kios,Bandung,1 rb+ terjual,4.9
SEBRING CAMPUR/ Seblak kering Bumbu kacang/ varian pedas-original,Rp20.000,KailaAini_collection,Kab. Bandung,30+ terjual,5.0
GURILEM MINI 1KG Siomay Kering Toping Baso Aci Cuanki Seblak,Rp29.999,Pedas Gilaa,Surabaya,500+ terjual,4.9
Seblak Instan Pedas Home Made,Rp3.500,the Dhecip,Tangerang Selatan,2 rb+ terjual,4.8
Seblak Instan Ceu Nthien Khas Bandung Rasana Ngeunah Pisan,Rp15.000,Central Seblak Nusantara,Tangerang Selatan,1 rb+ terjual,5.0
SEBLAK INSTANT TERMURAH,Rp3.999,Pusat Cuankie & Cemilan Frozen,Jakarta Timur,10 rb+ terjual,4.8
seblak instant sajodo snak,Rp19.000,hikmah berkah jaya,Jakarta Barat,750+ terjual,4.8
Mommy Seblak Basah Instant 100gr,Rp10.000,emmoshop,Kab. Bogor,2 rb+ terjual,4.9
KERUPUK SEBLAK VIRAL RAFAEL ,Rp5.500,D'gegaresan,Jakarta Utara,100+ terjual,4.3
seblak rafael / seblak coet / seblak cocol,Rp7.500,babykhai,Jakarta Timur,250+ terjual,4.8
Krupuk seblak mawar rafael pedas 250gram,Rp12.500,Markas Makaroni,Kab. Bekasi,40+ terjual,4.9
Krupuk seblak mawar rafael pedas 500gr,Rp20.000,Markas Makaroni,Kab. Bekasi,100+ terjual,5.0
jastip SEBLAK RAFAEL || SEBLAK MAMANG RAFAEL || SEBLAK VIRAL,Rp40.000,Naturally Plus Jakarta,Kab. Tangerang,50+ terjual,4.8
Seblak Instan Pedas Home Made,Rp3.500,the Dhecip,Tangerang Selatan,2 rb+ terjual,4.8
KERUPUK PEDAS KRIWIL BANTAT ISI 250gr KRITING SEMBRING SEBLAK MAWAR,Rp17.248,AHR Jaya Snack,Jakarta Timur,20 terjual,5.0
SEBRING KRUPUK KERUPUK SEBLAK KERING PEDAS DAUN JERUK 1KG CABE ASLI,Rp16.000,Aydaa Snack,Surakarta,40+ terjual,4.9
Seblak Instan Komplit Pedas Gurih Nikmat,Rp5.999,Baso Aci Ayang,Kab. Garut,2 rb+ terjual,4.9
KERUPUK SEBLAK MINI KENCUR JABLAY BANTET PEDAS 500GRAM KILOAN,Rp21.000,ajs(ale jaya snack),Jakarta Utara,18 terjual,5.0
Cuanki Lidah 130gram Isi 20 / Cuanki Toping Baso Aci Seblak,Rp 8.000,,,1 terjual,
Pilus Cikur / Toping Baso Aci Seblak - 250gram,Rp 9.000,,,,
Siomay Kering / Siomay Mini Toping Baso Aci Seblak - 250gram,Rp 8.000,,,3 terjual,
seblak instan mie bakso om brewok,Rp16.000,Muysproduct,Kab. Bogor,5 terjual,5.0
Seblak NENE Instan - PEDAS GURIH MANTAP,Rp15.000,segilapan,Jakarta Barat,,
Kerupuk Seblak Bantat Bintang pedas,Rp12.900,CEMILAGIH,Kab. Garut,30+ terjual,5.0
Kerupuk seblak Mawar / Seblak Rafael / Seblak viral 500 gr - 250 gr,Rp17.500,Bintang Snack & Camilan,Semarang,2 terjual,5.0
Krupuk seblak viral PEDAS SEDANG 100 gr,Rp3.500,Yuhuu snack,Kab. Karawang,,
KERUPUK PEDAS SEBLAK 250 GR,Rp17.000,TOKO KUE MEISYA 2,Jakarta Pusat,30+ terjual,4.9
Bumbu Seblak Cikur Bawang Putih Untuk Seblak (Plain),Rp400,Berkah Food Bandung,Cimahi,750+ terjual,4.9
Kerupuk seblak merah,Rp18.000,Snackzone KK,Jakarta Selatan,28 terjual,4.9
PANGSIT SEBLAK BUMBU BASAH,Rp8.500,RIKI STORE 97,Kab. Bogor,9 terjual,5.0
SEBRING / KERUPUK SEBLAK KERING BUMBU KACANG KHAS BANDUNG ISI 250gr.,Rp16.000,TokoMambila,Kab. Bandung,500+ terjual,4.9
Seblak Instan Pedas Home Made,Rp3.500,the Dhecip,Tangerang Selatan,2 rb+ terjual,4.8
Seblak Instan Ceu Nthien Khas Bandung Rasana Ngeunah Pisan,Rp15.000,Central Seblak Nusantara,Tangerang Selatan,1 rb+ terjual,5.0
SEBLAK INSTANT TERMURAH,Rp3.999,Pusat Cuankie & Cemilan Frozen,Jakarta Timur,10 rb+ terjual,4.8
seblak instant sajodo snak,Rp19.000,hikmah berkah jaya,Jakarta Barat,750+ terjual,4.8
Mommy Seblak Basah Instant 100gr,Rp10.000,emmoshop,Kab. Bogor,2 rb+ terjual,4.9
"seblak kering pedas 250 gr/seblak kencur/kerupuk seblak,enak dan gurih",Rp9.999,aghniya,Tangerang Selatan,250+ terjual,4.8
"siomay kering bandung 500 gr. untuk baso aci, seblak ,mie ayam dll",Rp14.999,aghniya,Tangerang Selatan,750+ terjual,4.9
Kerupuk Seblak kering pedas RIKI,Rp8.800,Van Kios,Bandung,1 rb+ terjual,4.9
SEBRING CAMPUR/ Seblak kering Bumbu kacang/ varian pedas-original,Rp20.000,KailaAini_collection,Kab. Bandung,30+ terjual,5.0
GURILEM MINI 1KG Siomay Kering Toping Baso Aci Cuanki Seblak,Rp29.999,Pedas Gilaa,Surabaya,500+ terjual,4.9
Seblak Instan Pedas Home Made,Rp3.500,the Dhecip,Tangerang Selatan,2 rb+ terjual,4.8
Seblak Instan Ceu Nthien Khas Bandung Rasana Ngeunah Pisan,Rp15.000,Central Seblak Nusantara,Tangerang Selatan,1 rb+ terjual,5.0
SEBLAK INSTANT TERMURAH,Rp3.999,Pusat Cuankie & Cemilan Frozen,Jakarta Timur,10 rb+ terjual,4.8
seblak instant sajodo snak,Rp19.000,hikmah berkah jaya,Jakarta Barat,750+ terjual,4.8
Mommy Seblak Basah Instant 100gr,Rp10.000,emmoshop,Kab. Bogor,2 rb+ terjual,4.9
KERUPUK SEBLAK VIRAL RAFAEL ,Rp5.500,D'gegaresan,Jakarta Utara,100+ terjual,4.3
seblak rafael / seblak coet / seblak cocol,Rp7.500,babykhai,Jakarta Timur,250+ terjual,4.8
Krupuk seblak mawar rafael pedas 250gram,Rp12.500,Markas Makaroni,Kab. Bekasi,40+ terjual,4.9
Krupuk seblak mawar rafael pedas 500gr,Rp20.000,Markas Makaroni,Kab. Bekasi,100+ terjual,5.0
jastip SEBLAK RAFAEL || SEBLAK MAMANG RAFAEL || SEBLAK VIRAL,Rp40.000,Naturally Plus Jakarta,Kab. Tangerang,50+ terjual,4.8
Seblak Instan Pedas Home Made,Rp3.500,the Dhecip,Tangerang Selatan,2 rb+ terjual,4.8
KERUPUK PEDAS KRIWIL BANTAT ISI 250gr KRITING SEMBRING SEBLAK MAWAR,Rp17.248,AHR Jaya Snack,Jakarta Timur,20 terjual,5.0
SEBRING KRUPUK KERUPUK SEBLAK KERING PEDAS DAUN JERUK 1KG CABE ASLI,Rp16.000,Aydaa Snack,Surakarta,40+ terjual,4.9
Seblak Instan Komplit Pedas Gurih Nikmat,Rp5.999,Baso Aci Ayang,Kab. Garut,2 rb+ terjual,4.9
KERUPUK SEBLAK MINI KENCUR JABLAY BANTET PEDAS 500GRAM KILOAN,Rp21.000,ajs(ale jaya snack),Jakarta Utara,18 terjual,5.0
CUANKI INSTAN BANDUNG,Rp4.500,jajanangarut19,Jakarta Selatan,2 rb+ terjual,4.9
Sami Raos Cuanki Geprek Instan,Rp18.270,Foodstocks,Jakarta Selatan,30+ terjual,4.8
Boci Geprek,Rp18.000,happyfamilystore,Tangerang Selatan,1 terjual,
KERUPUK SEBLAK SEBRING PEDAS KILOAN - 1 kg,Rp84.550,Golden Cakery,Jakarta Pusat,25 terjual,5.0
KERUPUK SEBLAK SEBRING PEDAS - 250 GRAM,Rp21.375,G Cakery,Jakarta Pusat,50+ terjual,5.0
Seblak Keju,Rp15.000,Maicih_Official,Bandung,250+ terjual,4.9
seblak instan bandung,Rp5.000,Kerabat Foodies,Tangerang Selatan,15 terjual,5.0
Kerupuk Seblak Garing 100gram Termurah,Rp10.000,basreng_medok,Jakarta Barat,100+ terjual,4.9
"Kerupuk Gelung Mentah 200gr Bahan Seblak, Krupuk, Cemilan, Dll.",Rp4.000,Cuanki_Bandung,Kab. Bandung,100+ terjual,4.9
Kerupuk Seblak | Cemilan Pedas | Cemilan Kering 150gr,Rp9.256,vieka mart official,Tangerang Selatan,29 terjual,4.9
Seblak Instan Pedas Home Made,Rp3.500,the Dhecip,Tangerang Selatan,2 rb+ terjual,4.8
Seblak Instan Ceu Nthien Khas Bandung Rasana Ngeunah Pisan,Rp15.000,Central Seblak Nusantara,Tangerang Selatan,1 rb+ terjual,5.0
SEBLAK INSTANT TERMURAH,Rp3.999,Pusat Cuankie & Cemilan Frozen,Jakarta Timur,10 rb+ terjual,4.8
seblak instant sajodo snak,Rp19.000,hikmah berkah jaya,Jakarta Barat,750+ terjual,4.8
Mommy Seblak Basah Instant 100gr,Rp10.000,emmoshop,Kab. Bogor,2 rb+ terjual,4.9
"seblak kering pedas 250 gr/seblak kencur/kerupuk seblak,enak dan gurih",Rp9.999,aghniya,Tangerang Selatan,250+ terjual,4.8
"siomay kering bandung 500 gr. untuk baso aci, seblak ,mie ayam dll",Rp14.999,aghniya,Tangerang Selatan,750+ terjual,4.9
Kerupuk Seblak kering pedas RIKI,Rp8.800,Van Kios,Bandung,1 rb+ terjual,4.9
SEBRING CAMPUR/ Seblak kering Bumbu kacang/ varian pedas-original,Rp20.000,KailaAini_collection,Kab. Bandung,30+ terjual,5.0
GURILEM MINI 1KG Siomay Kering Toping Baso Aci Cuanki Seblak,Rp29.999,Pedas Gilaa,Surabaya,500+ terjual,4.9
Seblak Instan Pedas Home Made,Rp3.500,the Dhecip,Tangerang Selatan,2 rb+ terjual,4.8
Seblak Instan Ceu Nthien Khas Bandung Rasana Ngeunah Pisan,Rp15.000,Central Seblak Nusantara,Tangerang Selatan,1 rb+ terjual,5.0
SEBLAK INSTANT TERMURAH,Rp3.999,Pusat Cuankie & Cemilan Frozen,Jakarta Timur,10 rb+ terjual,4.8
seblak instant sajodo snak,Rp19.000,hikmah berkah jaya,Jakarta Barat,750+ terjual,4.8
Mommy Seblak Basah Instant 100gr,Rp10.000,emmoshop,Kab. Bogor,2 rb+ terjual,4.9
KERUPUK SEBLAK VIRAL RAFAEL ,Rp5.500,D'gegaresan,Jakarta Utara,100+ terjual,4.3
seblak rafael / seblak coet / seblak cocol,Rp7.500,babykhai,Jakarta Timur,250+ terjual,4.8
Krupuk seblak mawar rafael pedas 250gram,Rp12.500,Markas Makaroni,Kab. Bekasi,40+ terjual,4.9
Krupuk seblak mawar rafael pedas 500gr,Rp20.000,Markas Makaroni,Kab. Bekasi,100+ terjual,5.0
jastip SEBLAK RAFAEL || SEBLAK MAMANG RAFAEL || SEBLAK VIRAL,Rp40.000,Naturally Plus Jakarta,Kab. Tangerang,50+ terjual,4.8
Seblak Instan Pedas Home Made,Rp3.500,the Dhecip,Tangerang Selatan,2 rb+ terjual,4.8
KERUPUK PEDAS KRIWIL BANTAT ISI 250gr KRITING SEMBRING SEBLAK MAWAR,Rp17.248,AHR Jaya Snack,Jakarta Timur,20 terjual,5.0
SEBRING KRUPUK KERUPUK SEBLAK KERING PEDAS DAUN JERUK 1KG CABE ASLI,Rp16.000,Aydaa Snack,Surakarta,40+ terjual,4.9
Seblak Instan Komplit Pedas Gurih Nikmat,Rp5.999,Baso Aci Ayang,Kab. Garut,2 rb+ terjual,4.9
KERUPUK SEBLAK MINI KENCUR JABLAY BANTET PEDAS 500GRAM KILOAN,Rp21.000,ajs(ale jaya snack),Jakarta Utara,18 terjual,5.0
Bumbu Seblak Instan Non MSG Tins Kitchen - Unyu 205 gram,Rp 33.000,,,15 terjual,5.0
Bumbu Blackpepper Sauce Tins Kitchen Instan Premium - 90gr,Rp 16.000,,,3 terjual,5.0
Bumbu Barbeque Sauce Tins Kitchen Instan Premium - 90gr,Rp 16.000,,,7 terjual,5.0
Maicih Seblak Keju,Rp19.900,Gerai Snack Official Shop,Kab. Tangerang,500+ terjual,4.7
LepLep - Basreng - Pedas DaunJeruk,Rp9.000,101_Project,Tangerang,250+ terjual,4.8
Maicih Basreng,Rp15.300,Gerai Snack Official Shop,Kab. Tangerang,10 rb+ terjual,4.8
"Batagor Bandung - Batagor Frozen, Batagor Goreng",Rp40.000,Kopi Aroma Nusantara,Jakarta Selatan,,
Paket 7 Pcs Batagor Kuah Ceu Nthien Khas Bandung Rasana Ngeunah Pisan,Rp101.500,Central Seblak Nusantara,Tangerang Selatan,10 terjual,5.0
Seblak Coet Instan / Seblak Cobek / Seblak Cocol / Seblak Original,Rp8.900,TiTasix Tutug Oncom (TO),Tasikmalaya,28 terjual,
Siomay Kerikil Kuncup / Siomay Mini / SIomay Seblak,Rp8.000,Aeeshastore,Bandung,100+ terjual,4.6
"Toping Seblak Baso Aci PAKET MIX 150pcs Cuanki Lidah, Siomay dan Baso",Rp42.500,gaiagarut,Kab. Garut,250+ terjual,4.8
"Seblak Siomay Kering 2in1 ""Tsaqil"" 80gr - Pedas Lvl 5 ",Rp14.700,ngemilogi,Jakarta Barat,16 terjual,5.0
KERUPUK SEBLAK PEDAS MADINAH,Rp17.000,Madinah Oleh Oleh Bdg,Bandung,100+ terjual,5.0
Seblak Instan Pedas Home Made,Rp3.500,the Dhecip,Tangerang Selatan,2 rb+ terjual,4.8
Seblak Instan Ceu Nthien Khas Bandung Rasana Ngeunah Pisan,Rp15.000,Central Seblak Nusantara,Tangerang Selatan,1 rb+ terjual,5.0
SEBLAK INSTANT TERMURAH,Rp3.999,Pusat Cuankie & Cemilan Frozen,Jakarta Timur,10 rb+ terjual,4.8
seblak instant sajodo snak,Rp19.000,hikmah berkah jaya,Jakarta Barat,750+ terjual,4.8
Mommy Seblak Basah Instant 100gr,Rp10.000,emmoshop,Kab. Bogor,2 rb+ terjual,4.9
"seblak kering pedas 250 gr/seblak kencur/kerupuk seblak,enak dan gurih",Rp9.999,aghniya,Tangerang Selatan,250+ terjual,4.8
"siomay kering bandung 500 gr. untuk baso aci, seblak ,mie ayam dll",Rp14.999,aghniya,Tangerang Selatan,750+ terjual,4.9
Kerupuk Seblak kering pedas RIKI,Rp8.800,Van Kios,Bandung,1 rb+ terjual,4.9
SEBRING CAMPUR/ Seblak kering Bumbu kacang/ varian pedas-original,Rp20.000,KailaAini_collection,Kab. Bandung,30+ terjual,5.0
GURILEM MINI 1KG Siomay Kering Toping Baso Aci Cuanki Seblak,Rp29.999,Pedas Gilaa,Surabaya,500+ terjual,4.9
Seblak Instan Pedas Home Made,Rp3.500,the Dhecip,Tangerang Selatan,2 rb+ terjual,4.8
Seblak Instan Ceu Nthien Khas Bandung Rasana Ngeunah Pisan,Rp15.000,Central Seblak Nusantara,Tangerang Selatan,1 rb+ terjual,5.0
SEBLAK INSTANT TERMURAH,Rp3.999,Pusat Cuankie & Cemilan Frozen,Jakarta Timur,10 rb+ terjual,4.8
seblak instant sajodo snak,Rp19.000,hikmah berkah jaya,Jakarta Barat,750+ terjual,4.8
Mommy Seblak Basah Instant 100gr,Rp10.000,emmoshop,Kab. Bogor,2 rb+ terjual,4.9
KERUPUK SEBLAK VIRAL RAFAEL ,Rp5.500,D'gegaresan,Jakarta Utara,100+ terjual,4.3
seblak rafael / seblak coet / seblak cocol,Rp7.500,babykhai,Jakarta Timur,250+ terjual,4.8
Krupuk seblak mawar rafael pedas 250gram,Rp12.500,Markas Makaroni,Kab. Bekasi,40+ terjual,4.9
Krupuk seblak mawar rafael pedas 500gr,Rp20.000,Markas Makaroni,Kab. Bekasi,100+ terjual,5.0
jastip SEBLAK RAFAEL || SEBLAK MAMANG RAFAEL || SEBLAK VIRAL,Rp40.000,Naturally Plus Jakarta,Kab. Tangerang,50+ terjual,4.8
Seblak Instan Pedas Home Made,Rp3.500,the Dhecip,Tangerang Selatan,2 rb+ terjual,4.8
KERUPUK PEDAS KRIWIL BANTAT ISI 250gr KRITING SEMBRING SEBLAK MAWAR,Rp17.248,AHR Jaya Snack,Jakarta Timur,20 terjual,5.0
SEBRING KRUPUK KERUPUK SEBLAK KERING PEDAS DAUN JERUK 1KG CABE ASLI,Rp16.000,Aydaa Snack,Surakarta,40+ terjual,4.9
Seblak Instan Komplit Pedas Gurih Nikmat,Rp5.999,Baso Aci Ayang,Kab. Garut,2 rb+ terjual,4.9
KERUPUK SEBLAK MINI KENCUR JABLAY BANTET PEDAS 500GRAM KILOAN,Rp21.000,ajs(ale jaya snack),Jakarta Utara,18 terjual,5.0
